"","Income","Limit","Rating","Cards","Age","Education","GenderFemale","StudentYes","MarriedYes","EthnicityAsian","EthnicityCaucasian","Balance"
"60",0.188771519527141,0.241920231696833,0.226596828476267,0.760241459788561,1.4685671758079,1.13592484354928,0.964383861273123,-0.33291640592397,-1.2556645843485,-0.584316844269138,1.00375551088307,0.0238929589840122
"74",-0.602364103256363,-0.0921064492456067,-0.109485176109183,0.760241459788561,-1.43001601931279,0.495967185211658,-1.03433916727221,-0.33291640592397,-1.2556645843485,-0.584316844269138,1.00375551088307,0.176146680320457
"291",-0.534807028413357,-0.650117298861511,-0.561903259204981,1.48948986246344,1.29465218410066,-0.783948131463587,-1.03433916727221,-0.33291640592397,0.794400043159256,1.70712176070787,-0.993767893859362,-0.785226817261096
"145",-0.789543449219953,-0.861104320416592,-0.820427878116866,0.0309930571136823,-1.37204435541038,0.175988356042846,-1.03433916727221,-0.33291640592397,0.794400043159256,-0.584316844269138,1.00375551088307,-0.983156654998475
"369",1.24221926197616,0.443376012031767,0.549752602116123,0.0309930571136823,-1.08218603589831,-2.38384227730764,0.964383861273123,-0.33291640592397,-1.2556645843485,-0.584316844269138,1.00375551088307,-0.380666929138542
"159",-0.0812014192091873,0.352829220440366,0.330006676041021,-0.698255345561197,1.58451050361273,-0.463969302294776,0.964383861273123,-0.33291640592397,0.794400043159256,1.70712176070787,-0.993767893859362,0.289249444741817
"98",-0.54340416981505,-0.583831848557758,-0.574829490150575,0.760241459788561,1.062765528491,1.13592484354928,0.964383861273123,-0.33291640592397,0.794400043159256,-0.584316844269138,-0.993767893859362,-0.793927029908893
"198",0.155489516675043,-0.328654526800175,-0.329231102184285,-0.698255345561197,1.64248216751514,1.13592484354928,0.964383861273123,-0.33291640592397,-1.2556645843485,-0.584316844269138,-0.993767893859362,-0.980981601836526
"108",-0.173329861886734,-0.670046257776364,-0.594218836568967,0.0309930571136823,0.946822200686175,-0.463969302294776,-1.03433916727221,-0.33291640592397,-1.2556645843485,1.70712176070787,-0.993767893859362,-1.13106027001102
"114",0.681872907051959,0.715016386805969,0.769498528191224,0.760241459788561,-1.48798768321521,-0.463969302294776,0.964383861273123,-0.33291640592397,0.794400043159256,1.70712176070787,-0.993767893859362,0.539380558365976
"35",-0.711289601081772,-0.905294620619094,-1.00785822682798,-0.698255345561197,-1.77784600272728,0.175988356042846,0.964383861273123,-0.33291640592397,0.794400043159256,1.70712176070787,-0.993767893859362,-1.13106027001102
"227",0.415957365082767,0.940300270191271,1.11204364824947,2.21873826513832,1.29465218410066,0.495967185211658,0.964383861273123,-0.33291640592397,-1.2556645843485,-0.584316844269138,1.00375551088307,1.11359459312057
"313",-0.493523725642852,0.212893269799111,0.200744366585078,2.21873826513832,0.42507722556445,-0.783948131463587,-1.03433916727221,-0.33291640592397,0.794400043159256,-0.584316844269138,1.00375551088307,0.659008482273183
"240",-0.489920303339172,-0.510614586457535,-0.594218836568967,-1.42750374823608,-1.19812936370314,-0.143990473125965,0.964383861273123,-0.33291640592397,0.794400043159256,1.70712176070787,-0.993767893859362,-0.776526604613299
"296",-0.509214218036041,-1.44987508487934,-1.33101400046784,1.48948986246344,0.656963881174105,-1.1039269606324,0.964383861273123,-0.33291640592397,0.794400043159256,-0.584316844269138,1.00375551088307,-1.13106027001102
"178",-0.648045283641595,-0.333853385647528,-0.40678848785785,-0.698255345561197,-1.25610102760555,0.175988356042846,0.964383861273123,-0.33291640592397,0.794400043159256,1.70712176070787,-0.993767893859362,-0.295839855822523
"209",0.173818735637068,-0.177021143752375,-0.225821254619531,0.0309930571136823,-0.560441060776586,0.495967185211658,-1.03433916727221,-0.33291640592397,-1.2556645843485,-0.584316844269138,-0.993767893859362,-0.630798042762702
"350",0.0952811534592269,0.177367734342198,0.22013371300347,0.0309930571136823,0.888850536783761,-0.143990473125965,0.964383861273123,-0.33291640592397,0.794400043159256,1.70712176070787,-0.993767893859362,-0.0370085295505659
"109",1.78091670967431,0.56208328904633,0.607920641371297,0.760241459788561,0.483048889466864,0.175988356042846,-1.03433916727221,-0.33291640592397,0.794400043159256,-0.584316844269138,1.00375551088307,-0.63732320224855
"229",0.679432794310885,-0.0292869048400895,-0.0900958296907918,-0.698255345561197,-1.25610102760555,-0.783948131463587,0.964383861273123,-0.33291640592397,-1.2556645843485,-0.584316844269138,-0.993767893859362,-0.791751976746944
"70",0.121526552127761,0.902608543547961,0.969855107847935,0.760241459788561,-0.0386960856548611,0.175988356042846,-1.03433916727221,-0.33291640592397,0.794400043159256,-0.584316844269138,1.00375551088307,1.22669735754193
"249",-0.837068900862974,-1.65956239172258,-1.69294846694448,-1.42750374823608,-1.0242143719959,0.815946014380469,-1.03433916727221,2.99624765331573,0.794400043159256,-0.584316844269138,1.00375551088307,-1.13106027001102
"203",-0.686094018359979,-1.42431402887985,-1.35686646235903,-0.698255345561197,0.135218906052381,-0.143990473125965,0.964383861273123,-0.33291640592397,0.794400043159256,-0.584316844269138,1.00375551088307,-1.13106027001102
"275",-0.416206199835548,0.491032218132504,0.543289486643325,1.48948986246344,1.4685671758079,-1.42390578980121,0.964383861273123,-0.33291640592397,-1.2556645843485,-0.584316844269138,-0.993767893859362,0.97221613759387
"21",-0.78080444079843,-0.812581637841296,-0.775186069807286,0.760241459788561,0.42507722556445,0.815946014380469,0.964383861273123,-0.33291640592397,-1.2556645843485,1.70712176070787,-0.993767893859362,-0.937480538597541
"99",-0.253200994050976,-0.767958099401515,-0.736407376970503,-0.698255345561197,0.714935545076519,0.175988356042846,0.964383861273123,2.99624765331573,-1.2556645843485,-0.584316844269138,-0.993767893859362,-0.315415334280066
"175",2.17383160779524,2.57230871002288,2.55331839868323,0.0309930571136823,-0.096667749557275,0.815946014380469,-1.03433916727221,-0.33291640592397,-1.2556645843485,-0.584316844269138,-0.993767893859362,2.2902983537351
"365",2.36776382390274,2.20448944657264,2.13321589295142,0.0309930571136823,0.656963881174105,0.815946014380469,-1.03433916727221,-0.33291640592397,0.794400043159256,1.70712176070787,-0.993767893859362,1.57253081029185
"45",-0.379008667236145,0.710250766195895,0.737182950827239,0.0309930571136823,-1.77784600272728,0.815946014380469,0.964383861273123,-0.33291640592397,0.794400043159256,-0.584316844269138,1.00375551088307,1.3049992713721
"34",-0.39302512879534,-1.25925026047639,-1.24699349932148,0.760241459788561,-1.48798768321521,-1.1039269606324,-1.03433916727221,-0.33291640592397,0.794400043159256,-0.584316844269138,1.00375551088307,-1.13106027001102
"263",-0.982596089804501,-0.297461373716056,-0.380936025966662,-1.42750374823608,0.598992217271692,-0.143990473125965,0.964383861273123,-0.33291640592397,0.794400043159256,-0.584316844269138,1.00375551088307,-0.119660549704636
"94",-0.815448367040895,0.303006823153232,0.213670597530673,-0.698255345561197,-1.71987433882486,0.815946014380469,-1.03433916727221,-0.33291640592397,-1.2556645843485,-0.584316844269138,-0.993767893859362,0.906964542735394
"95",-0.204568979653281,-0.719435416826219,-0.710554915079315,0.0309930571136823,-0.618412724679,0.495967185211658,0.964383861273123,-0.33291640592397,-1.2556645843485,-0.584316844269138,-0.993767893859362,-1.13106027001102
"164",-0.894979018357545,-1.04219790359939,-0.982005764936794,1.48948986246344,1.41059551190549,0.815946014380469,0.964383861273123,-0.33291640592397,-1.2556645843485,-0.584316844269138,-0.993767893859362,-1.13106027001102
"123",0.493218144082138,1.00528600578319,0.814740336500804,-1.42750374823608,1.64248216751514,-0.783948131463587,0.964383861273123,-0.33291640592397,-1.2556645843485,-0.584316844269138,1.00375551088307,0.83518778839107
"336",-0.593142746967418,-0.57473384557489,-0.548977028259387,-0.698255345561197,-1.89378933053211,-2.06386344813883,0.964383861273123,-0.33291640592397,0.794400043159256,-0.584316844269138,1.00375551088307,-0.709099956592874
"260",-0.328050033713239,0.632701121722877,0.614383756844094,2.21873826513832,-0.0386960856548611,-1.42390578980121,0.964383861273123,-0.33291640592397,-1.2556645843485,-0.584316844269138,1.00375551088307,1.24409778283752
"370",0.750848652093264,1.42639357241879,1.57738796229086,0.0309930571136823,0.0772472421499667,0.815946014380469,-1.03433916727221,-0.33291640592397,0.794400043159256,-0.584316844269138,1.00375551088307,1.49640394962363
"56",-0.349074726052033,-1.2778795046794,-1.29869842310385,-0.698255345561197,0.251162233857208,-1.74388461897002,0.964383861273123,-0.33291640592397,0.794400043159256,1.70712176070787,-0.993767893859362,-1.13106027001102
"321",-0.821123047834092,-1.54908664121632,-1.47966565634217,0.0309930571136823,1.29465218410066,-0.143990473125965,-1.03433916727221,2.99624765331573,0.794400043159256,-0.584316844269138,-0.993767893859362,-1.12018500420128
"302",-0.393933077722252,-0.524044971813197,-0.426177834276242,0.0309930571136823,-1.0242143719959,-2.06386344813883,0.964383861273123,-0.33291640592397,-1.2556645843485,-0.584316844269138,1.00375551088307,-0.756951126155757
"188",-0.620069107331136,-1.10761687742859,-1.21467792195749,-0.698255345561197,1.12073719239342,0.495967185211658,-1.03433916727221,-0.33291640592397,-1.2556645843485,1.70712176070787,-0.993767893859362,-1.13106027001102
"3",1.68464575001773,1.01351753229149,1.02802314710311,0.760241459788561,0.888850536783761,-0.783948131463587,-1.03433916727221,-0.33291640592397,-1.2556645843485,1.70712176070787,-0.993767893859362,0.130470563919524
"266",-0.122967069847114,0.120180287021313,0.155502558275499,0.0309930571136823,-0.560441060776586,-0.143990473125965,0.964383861273123,-0.33291640592397,0.794400043159256,-0.584316844269138,-0.993767893859362,0.0630439158990981
"171",-0.296413688291168,-1.17606851891874,-1.21467792195749,0.0309930571136823,0.0772472421499667,-1.42390578980121,-1.03433916727221,-0.33291640592397,-1.2556645843485,1.70712176070787,-0.993767893859362,-1.13106027001102
"253",0.7866842613023,1.67550555885446,1.7195765026924,0.0309930571136823,0.483048889466864,-1.74388461897002,0.964383861273123,-0.33291640592397,-1.2556645843485,-0.584316844269138,1.00375551088307,1.81613676443017
"297",0.586680136746086,0.175201543155801,0.0973345190203246,-1.42750374823608,-0.386526069069344,1.13592484354928,0.964383861273123,-0.33291640592397,0.794400043159256,-0.584316844269138,1.00375551088307,-0.493769693559901
"382",1.60505835189315,1.42682681065607,1.41581007547094,-0.698255345561197,1.64248216751514,-0.783948131463587,-1.03433916727221,-0.33291640592397,0.794400043159256,-0.584316844269138,1.00375551088307,0.715559864483863
"332",-0.926047895700297,-0.329087765037454,-0.413251603330647,-0.698255345561197,-0.444497732971758,0.815946014380469,-1.03433916727221,-0.33291640592397,0.794400043159256,-0.584316844269138,1.00375551088307,-0.100085071247093
"172",-0.235070388916713,-0.201715723277302,-0.361546679548271,-1.42750374823608,0.42507722556445,-1.42390578980121,0.964383861273123,-0.33291640592397,0.794400043159256,-0.584316844269138,1.00375551088307,-0.515520225179393
"316",-0.872195174972861,-0.358981203409735,-0.380936025966662,0.0309930571136823,-0.734356052483828,0.815946014380469,-1.03433916727221,-0.33291640592397,0.794400043159256,-0.584316844269138,1.00375551088307,-0.124010656028535
"391",2.55074390607936,2.53115107748133,2.53392905226484,0.0309930571136823,1.4685671758079,0.495967185211658,0.964383861273123,-0.33291640592397,0.794400043159256,1.70712176070787,-0.993767893859362,1.89878878458424
"304",-0.0328531388511522,0.101551042818298,-0.0190015594900235,-1.42750374823608,1.35262384800307,-0.783948131463587,-1.03433916727221,-0.33291640592397,0.794400043159256,-0.584316844269138,-0.993767893859362,-0.230588260964046
"278",-0.104609477481123,0.114548189936681,-0.0125384440172264,-0.698255345561197,-0.32855440516693,-0.463969302294776,-1.03433916727221,-0.33291640592397,0.794400043159256,-0.584316844269138,1.00375551088307,0.0238929589840122
"139",-0.676560554627408,-1.15354013058021,-1.16297299817511,-0.698255345561197,1.062765528491,-0.783948131463587,0.964383861273123,-0.33291640592397,0.794400043159256,-0.584316844269138,1.00375551088307,-1.13106027001102
"392",0.797522901617306,0.788233648906192,0.75657229724563,-0.698255345561197,-0.734356052483828,0.495967185211658,0.964383861273123,-0.33291640592397,-1.2556645843485,-0.584316844269138,1.00375551088307,0.437153059754363
"230",0.70150730259642,1.22147188618562,1.24130595770541,0.0309930571136823,1.17870885629583,-1.42390578980121,-1.03433916727221,-0.33291640592397,0.794400043159256,1.70712176070787,-0.993767893859362,1.17014597533125
"130",-0.768178276033567,-0.55220545723636,-0.490808989004213,0.0309930571136823,0.0192755782475528,0.495967185211658,-1.03433916727221,-0.33291640592397,0.794400043159256,-0.584316844269138,-0.993767893859362,-0.576421713713972
"118",1.30923724214381,1.89645705986697,1.75189208005639,-1.42750374823608,-0.502469396874172,1.13592484354928,-1.03433916727221,-0.33291640592397,0.794400043159256,1.70712176070787,-0.993767893859362,1.78568602016288
"103",0.66660801571826,1.23316931859217,1.13789611014066,-0.698255345561197,0.0192755782475528,0.815946014380469,-1.03433916727221,2.99624765331573,-1.2556645843485,-0.584316844269138,1.00375551088307,2.32074909800239
"143",1.66478436724154,1.16125177120378,1.25423218865101,0.0309930571136823,1.64248216751514,1.13592484354928,-1.03433916727221,-0.33291640592397,-1.2556645843485,1.70712176070787,-0.993767893859362,0.324050295333004
"150",-0.901561648077653,-1.66779391823089,-1.51198123370616,1.48948986246344,-0.676384388581414,-1.1039269606324,-1.03433916727221,-0.33291640592397,0.794400043159256,1.70712176070787,-0.993767893859362,-1.13106027001102
"110",-0.898241959813634,-0.638853104692245,-0.490808989004213,1.48948986246344,-1.08218603589831,1.7758825018869,-1.03433916727221,-0.33291640592397,0.794400043159256,1.70712176070787,-0.993767893859362,-0.485069480912104
"119",-0.515825221160115,-1.11541516569962,-1.17589922912071,0.0309930571136823,-0.908271044191069,1.13592484354928,0.964383861273123,-0.33291640592397,-1.2556645843485,-0.584316844269138,1.00375551088307,-1.13106027001102
"381",1.98341769377953,1.3102857248279,1.18313791845024,0.0309930571136823,1.58451050361273,0.175988356042846,0.964383861273123,-0.33291640592397,-1.2556645843485,-0.584316844269138,-0.993767893859362,0.30664987003741
"140",1.77680256609924,2.44710285944912,2.41112985828169,0.0309930571136823,1.81639715922238,-2.06386344813883,-1.03433916727221,-0.33291640592397,-1.2556645843485,-0.584316844269138,-0.993767893859362,2.34249962962188
"219",-0.981489527049828,-1.33809961966124,-1.33101400046784,-0.698255345561197,0.888850536783761,-1.1039269606324,0.964383861273123,2.99624765331573,0.794400043159256,1.70712176070787,-0.993767893859362,-0.706924903430925
"181",-0.9812625398181,-0.49891715405099,-0.393862256912256,1.48948986246344,0.772907208978933,0.815946014380469,-1.03433916727221,-0.33291640592397,0.794400043159256,1.70712176070787,-0.993767893859362,-0.211012782506503
"97",-0.87693353343518,0.280045196577422,0.0779451726019332,-1.42750374823608,0.193190569954794,1.13592484354928,-1.03433916727221,2.99624765331573,-1.2556645843485,1.70712176070787,-0.993767893859362,1.8705130934789
"149",-0.852191925176843,-1.00320646224424,-1.05310003513756,-0.698255345561197,0.772907208978933,-0.783948131463587,0.964383861273123,-0.33291640592397,0.794400043159256,-0.584316844269138,1.00375551088307,-1.13106027001102
"92",0.0930396545459142,0.565115956707286,0.653162449680876,0.0309930571136823,-0.502469396874172,0.815946014380469,-1.03433916727221,-0.33291640592397,0.794400043159256,-0.584316844269138,1.00375551088307,0.635082897491742
"190",0.372602803822745,-0.140629131820903,-0.187042561782748,-0.698255345561197,1.70045383141756,0.815946014380469,0.964383861273123,-0.33291640592397,0.794400043159256,-0.584316844269138,1.00375551088307,-0.85700357160542
"42",1.94187903037333,1.26652866286268,1.18313791845024,-0.698255345561197,0.598992217271692,0.495967185211658,-1.03433916727221,2.99624765331573,0.794400043159256,-0.584316844269138,-0.993767893859362,1.38112613204032
"176",-0.428066282693329,-1.11238249803866,-0.962616418518402,0.0309930571136823,-0.212611077362103,1.13592484354928,-1.03433916727221,-0.33291640592397,-1.2556645843485,-0.584316844269138,1.00375551088307,-1.13106027001102
"100",1.09612460495531,1.628282590991,1.62909288607324,1.48948986246344,-0.502469396874172,1.45590367271809,-1.03433916727221,-0.33291640592397,-1.2556645843485,-0.584316844269138,1.00375551088307,1.7204344253044
"147",-0.799105286356489,0.162204396037418,0.103797634493122,0.0309930571136823,-0.0386960856548611,0.495967185211658,0.964383861273123,-0.33291640592397,0.794400043159256,-0.584316844269138,1.00375551088307,0.619857525358097
"170",-0.507568560606014,0.625336071689127,0.672551796099268,0.760241459788561,-1.14015769980072,-0.463969302294776,0.964383861273123,-0.33291640592397,0.794400043159256,-0.584316844269138,1.00375551088307,1.25932315497117
"329",-0.114256434829557,-0.460358950933121,-0.374472910493865,0.0309930571136823,-0.096667749557275,0.815946014380469,0.964383861273123,-0.33291640592397,0.794400043159256,-0.584316844269138,1.00375551088307,-0.867878837415167
"375",-0.448835614396429,0.0452300719719722,0.0844082880747303,0.0309930571136823,1.17870885629583,1.45590367271809,0.964383861273123,-0.33291640592397,0.794400043159256,-0.584316844269138,1.00375551088307,0.147870989215118
"158",0.31316052251401,0.340265311559263,0.330006676041021,-0.698255345561197,0.946822200686175,0.815946014380469,0.964383861273123,2.99624765331573,0.794400043159256,-0.584316844269138,1.00375551088307,1.08749395517718
"348",3.26328519987709,2.60480157781884,2.57917086057442,-0.698255345561197,0.772907208978933,1.13592484354928,-1.03433916727221,-0.33291640592397,-1.2556645843485,-0.584316844269138,1.00375551088307,1.46160309903244
"371",-0.272636775767675,0.606273589248832,0.717793604408848,0.760241459788561,-0.908271044191069,-0.463969302294776,-1.03433916727221,-0.33291640592397,-1.2556645843485,-0.584316844269138,1.00375551088307,1.0265924666426
"127",-0.533189744387296,0.345464170406616,0.504510793806543,1.48948986246344,-0.32855440516693,0.495967185211658,0.964383861273123,2.99624765331573,0.794400043159256,1.70712176070787,-0.993767893859362,1.92271436936568
"362",0.226933747861388,0.0898536104117533,0.0456295952379476,-0.698255345561197,-0.560441060776586,0.815946014380469,0.964383861273123,-0.33291640592397,0.794400043159256,1.70712176070787,-0.993767893859362,-0.300189962146421
"269",-0.545645668728363,-1.46720461437051,-1.37625580877742,0.760241459788561,1.52653883971031,-0.463969302294776,-1.03433916727221,-0.33291640592397,-1.2556645843485,-0.584316844269138,1.00375551088307,-1.13106027001102
"61",-0.275474116164273,0.200329360918008,0.0585558261835419,-0.698255345561197,-1.19812936370314,2.09586133105571,0.964383861273123,-0.33291640592397,-1.2556645843485,1.70712176070787,-0.993767893859362,0.241398275178934
"285",-0.865612545252753,-1.16480432474947,-1.21467792195749,-0.698255345561197,0.656963881174105,-2.38384227730764,-1.03433916727221,-0.33291640592397,0.794400043159256,-0.584316844269138,1.00375551088307,-1.13106027001102
"206",-0.976779541991474,-0.371545112290838,-0.219358139146734,3.67723507048808,-1.54595934711762,-0.143990473125965,-1.03433916727221,-0.33291640592397,-1.2556645843485,-0.584316844269138,1.00375551088307,0.256623647312578
"69",-0.4928995107556,0.382722658812647,0.407564061714586,-0.698255345561197,1.29465218410066,0.495967185211658,0.964383861273123,-0.33291640592397,0.794400043159256,-0.584316844269138,1.00375551088307,0.656833429111234
"144",-0.725873530720287,0.0694914132596202,0.207207482057876,0.0309930571136823,0.483048889466864,-1.1039269606324,0.964383861273123,-0.33291640592397,-1.2556645843485,-0.584316844269138,-0.993767893859362,0.413227474972922
"349",-0.901873755521279,-1.56035083538559,-1.57014927296133,0.0309930571136823,0.830878872881347,0.175988356042846,-1.03433916727221,-0.33291640592397,0.794400043159256,-0.584316844269138,1.00375551088307,-1.13106027001102
"20",-0.0890892255117305,0.818993563753031,0.80181410555521,-0.698255345561197,-0.676384388581414,-1.42390578980121,-1.03433916727221,-0.33291640592397,-1.2556645843485,1.70712176070787,-0.993767893859362,1.14839544371176
"220",-0.177756112905427,0.210727078612714,0.0973345190203246,0.760241459788561,1.17870885629583,-0.143990473125965,0.964383861273123,-0.33291640592397,-1.2556645843485,-0.584316844269138,1.00375551088307,0.289249444741817
"68",-0.965600420828877,0.157438775427344,0.161965673748296,0.760241459788561,0.772907208978933,0.815946014380469,0.964383861273123,-0.33291640592397,-1.2556645843485,-0.584316844269138,-0.993767893859362,0.802561990961832
"124",-0.947980536966002,-1.4884332879972,-1.53783369559735,0.0309930571136823,1.23668052019824,0.175988356042846,0.964383861273123,-0.33291640592397,-1.2556645843485,-0.584316844269138,-0.993767893859362,-1.13106027001102
"107",-0.805801409692461,-1.47240347321787,-1.55075992654294,-0.698255345561197,1.062765528491,0.495967185211658,-1.03433916727221,-0.33291640592397,0.794400043159256,1.70712176070787,-0.993767893859362,-1.13106027001102
"14",-0.0436066589542597,0.947232081987742,1.00863380068472,-1.42750374823608,-0.386526069069344,-1.42390578980121,-1.03433916727221,-0.33291640592397,0.794400043159256,-0.584316844269138,1.00375551088307,1.22017219805608
"202",0.814178089745338,1.12529299750959,1.12496987919507,2.21873826513832,0.656963881174105,0.495967185211658,0.964383861273123,-0.33291640592397,0.794400043159256,-0.584316844269138,1.00375551088307,1.14839544371176
"272",-0.00683472741434578,0.0564942661412373,-0.0513171368540091,-1.42750374823608,-1.48798768321521,-1.1039269606324,0.964383861273123,-0.33291640592397,-1.2556645843485,-0.584316844269138,1.00375551088307,-0.182737091401163
"217",-0.843906891218776,-0.85503898509468,-0.904448379263228,0.0309930571136823,0.251162233857208,1.45590367271809,-1.03433916727221,-0.33291640592397,-1.2556645843485,1.70712176070787,-0.993767893859362,-1.01795750558966
"90",0.406055047098639,1.20544207140628,1.21545349581423,0.0309930571136823,-0.212611077362103,-1.42390578980121,0.964383861273123,-0.33291640592397,-1.2556645843485,-0.584316844269138,-0.993767893859362,1.42680224844126
"30",-0.522237610456427,0.379256752914412,0.362322253405006,0.760241459788561,-0.0386960856548611,0.815946014380469,0.964383861273123,-0.33291640592397,-1.2556645843485,-0.584316844269138,1.00375551088307,0.859113373172511
"75",-0.826116766932105,0.283511102475658,0.407564061714586,0.760241459788561,-0.618412724679,-1.1039269606324,0.964383861273123,-0.33291640592397,0.794400043159256,-0.584316844269138,1.00375551088307,0.924364968030988
"48",-0.0162546975310522,-0.131964367075314,-0.225821254619531,-0.698255345561197,-0.386526069069344,0.495967185211658,-1.03433916727221,2.99624765331573,0.794400043159256,-0.584316844269138,1.00375551088307,0.602457100062504
"177",-0.600633325614438,-0.922190911872992,-0.865669686426445,0.760241459788561,-1.37204435541038,1.45590367271809,-1.03433916727221,-0.33291640592397,0.794400043159256,-0.584316844269138,1.00375551088307,-1.13106027001102
"218",-0.929594571196045,0.285677293662055,0.239523059421861,0.0309930571136823,0.541020553369278,0.175988356042846,-1.03433916727221,-0.33291640592397,0.794400043159256,-0.584316844269138,1.00375551088307,0.94611549965048
"93",-0.411013866909774,-0.82471230848512,-0.684702453188126,0.760241459788561,-0.270582741264517,-0.143990473125965,-1.03433916727221,-0.33291640592397,-1.2556645843485,-0.584316844269138,1.00375551088307,-1.13106027001102
"186",-0.419894742351126,-0.12719874646524,-0.25167371651072,-1.42750374823608,-1.48798768321521,0.175988356042846,0.964383861273123,-0.33291640592397,-1.2556645843485,-0.584316844269138,-0.993767893859362,-0.152286347133874
"4",2.94246712123372,2.06585321064323,2.10736343106023,0.0309930571136823,-1.14015769980072,-0.783948131463587,0.964383861273123,-0.33291640592397,-1.2556645843485,1.70712176070787,-0.993767893859362,0.965690978108023
"366",1.94508522502149,0.739277728093617,0.866445260283181,0.760241459788561,0.772907208978933,0.495967185211658,-1.03433916727221,2.99624765331573,0.794400043159256,-0.584316844269138,1.00375551088307,0.587231727928859
"394",-0.791699827921367,-1.47326994969242,-1.40210827066861,-0.698255345561197,0.541020553369278,-0.143990473125965,-1.03433916727221,-0.33291640592397,-1.2556645843485,-0.584316844269138,-0.993767893859362,-1.13106027001102
"257",-0.547121085734594,-1.28307836352676,-1.421497617087,-0.698255345561197,0.888850536783761,0.175988356042846,0.964383861273123,-0.33291640592397,-1.2556645843485,1.70712176070787,-0.993767893859362,-1.13106027001102
"126",-0.50053195642245,-0.955117017906228,-1.03371068871917,-1.42750374823608,-1.25610102760555,0.495967185211658,0.964383861273123,-0.33291640592397,0.794400043159256,-0.584316844269138,1.00375551088307,-1.13106027001102
"254",1.14078434279777,0.193397549121537,0.304154214149832,2.21873826513832,0.251162233857208,-0.463969302294776,-1.03433916727221,-0.33291640592397,0.794400043159256,-0.584316844269138,-0.993767893859362,-0.656898680706093
"54",-0.820413712734942,0.316437208508894,0.3752484843506,0.760241459788561,0.598992217271692,-1.1039269606324,-1.03433916727221,-0.33291640592397,0.794400043159256,1.70712176070787,-0.993767893859362,0.950465605974378
"59",-0.989235466332541,-0.543973930728051,-0.477882758058619,-0.698255345561197,0.830878872881347,1.13592484354928,-1.03433916727221,-0.33291640592397,0.794400043159256,-0.584316844269138,1.00375551088307,-0.406767567081933
"315",1.99468193515403,1.9653419395944,1.9457855442403,-0.698255345561197,0.772907208978933,0.175988356042846,-1.03433916727221,-0.33291640592397,-1.2556645843485,-0.584316844269138,-0.993767893859362,1.34850033461108
"201",-0.603499039415002,0.263148905323525,0.181355020166687,-0.698255345561197,-0.908271044191069,1.45590367271809,-1.03433916727221,-0.33291640592397,0.794400043159256,-0.584316844269138,-0.993767893859362,0.672058801244879
"333",0.485443831395459,0.21332650803639,0.142576327329904,0.0309930571136823,1.58451050361273,0.495967185211658,-1.03433916727221,-0.33291640592397,-1.2556645843485,-0.584316844269138,1.00375551088307,-0.30454006847032
"53",-0.0287673686800507,0.305606252576909,0.252449290367455,-1.42750374823608,-1.37204435541038,-0.463969302294776,-1.03433916727221,-0.33291640592397,0.794400043159256,-0.584316844269138,1.00375551088307,0.189196999292153
"44",-0.235212255936543,0.659128654196922,0.582068179480108,-1.42750374823608,-1.83581766662969,0.175988356042846,0.964383861273123,-0.33291640592397,0.794400043159256,1.70712176070787,-0.993767893859362,0.991791616051413
"339",-0.109347835943442,0.245819375832348,0.142576327329904,-1.42750374823608,-0.618412724679,0.175988356042846,-1.03433916727221,-0.33291640592397,-1.2556645843485,-0.584316844269138,1.00375551088307,0.187021946130203
"359",-0.428662124176615,-0.17312199961686,-0.103022060636386,-1.42750374823608,1.4685671758079,1.45590367271809,-1.03433916727221,-0.33291640592397,0.794400043159256,-0.584316844269138,1.00375551088307,-0.376316822814644
"326",-0.778960169540641,0.1457413430208,0.0585558261835419,-1.42750374823608,0.598992217271692,-0.463969302294776,0.964383861273123,-0.33291640592397,0.794400043159256,-0.584316844269138,1.00375551088307,0.461078644535805
"224",-0.502404601084205,-0.0531150078904581,-0.0707064832724004,1.48948986246344,0.946822200686175,1.13592484354928,-1.03433916727221,-0.33291640592397,0.794400043159256,1.70712176070787,-0.993767893859362,0.115245191785879
"347",-0.671538462125429,0.279178720102864,0.42049029266018,1.48948986246344,-0.270582741264517,1.45590367271809,-1.03433916727221,-0.33291640592397,0.794400043159256,1.70712176070787,-0.993767893859362,0.841712947876918
"346",-0.431471091169247,-1.39702001993125,-1.4085713861414,-0.698255345561197,-1.31407269150797,1.13592484354928,-1.03433916727221,-0.33291640592397,0.794400043159256,-0.584316844269138,1.00375551088307,-1.13106027001102
"113",0.0223615052666506,0.823759184363105,0.879371491228775,0.760241459788561,-0.792327716386242,0.175988356042846,-1.03433916727221,-0.33291640592397,0.794400043159256,-0.584316844269138,1.00375551088307,1.14404533738786
"318",0.659486291322799,-0.0102244223997947,-0.0965589451635889,-0.698255345561197,0.888850536783761,0.815946014380469,-1.03433916727221,-0.33291640592397,0.794400043159256,-0.584316844269138,1.00375551088307,-0.835253039985928
"2",1.72527646449702,0.827225090261341,0.827666567446399,0.0309930571136823,1.52653883971031,0.495967185211658,0.964383861273123,2.99624765331573,0.794400043159256,1.70712176070787,-0.993767893859362,0.833012735229121
"281",0.232154454191129,0.252751187628818,0.142576327329904,0.0309930571136823,-1.19812936370314,-0.463969302294776,0.964383861273123,-0.33291640592397,-1.2556645843485,-0.584316844269138,-0.993767893859362,0.0456434906035043
"115",-0.815363246828997,-0.610692619269083,-0.561903259204981,0.760241459788561,-0.850299380288655,0.495967185211658,-1.03433916727221,-0.33291640592397,-1.2556645843485,-0.584316844269138,1.00375551088307,-0.541620863122784
"165",0.895553012319777,0.537821947758682,0.478658331915354,0.760241459788561,-0.676384388581414,-0.463969302294776,-1.03433916727221,-0.33291640592397,0.794400043159256,1.70712176070787,-0.993767893859362,0.0608688627371489
"357",-0.304698722249235,0.586777868571258,0.562678833061717,0.0309930571136823,-1.14015769980072,0.175988356042846,-1.03433916727221,-0.33291640592397,-1.2556645843485,-0.584316844269138,1.00375551088307,0.961340871784124
"337",-0.350777130289992,0.497530791691696,0.536826371170528,0.760241459788561,0.714935545076519,-0.143990473125965,-1.03433916727221,-0.33291640592397,-1.2556645843485,-0.584316844269138,1.00375551088307,0.883038957953953
"183",0.389002631315083,0.729746486873469,0.672551796099268,-0.698255345561197,0.598992217271692,-1.42390578980121,0.964383861273123,-0.33291640592397,0.794400043159256,-0.584316844269138,-0.993767893859362,0.58505667476691
"340",2.95358949558839,2.4011796062975,2.27540443335295,-1.42750374823608,1.41059551190549,0.815946014380469,-1.03433916727221,-0.33291640592397,-1.2556645843485,-0.584316844269138,-0.993767893859362,1.27672358026676
"63",-0.412460910512039,-1.32770190196654,-1.25991973026707,-0.698255345561197,1.23668052019824,-2.06386344813883,0.964383861273123,-0.33291640592397,-1.2556645843485,-0.584316844269138,1.00375551088307,-1.13106027001102
"195",-0.42029197000665,-1.13317793342807,-1.12419430533833,-0.698255345561197,1.35262384800307,0.175988356042846,-1.03433916727221,-0.33291640592397,0.794400043159256,-0.584316844269138,-0.993767893859362,-1.13106027001102
"65",-0.370411525834452,-0.77922229357078,-0.852743455480851,-0.698255345561197,1.35262384800307,0.495967185211658,0.964383861273123,-0.33291640592397,0.794400043159256,-0.584316844269138,-0.993767893859362,-1.13106027001102
"5",0.302548869430733,0.0699246514968996,0.0133140178739621,-0.698255345561197,0.714935545076519,0.815946014380469,-1.03433916727221,-0.33291640592397,0.794400043159256,-0.584316844269138,1.00375551088307,-0.411117673405831
"364",0.537792761712698,0.602807683350597,0.504510793806543,-1.42750374823608,1.41059551190549,-1.1039269606324,-1.03433916727221,-0.33291640592397,0.794400043159256,-0.584316844269138,1.00375551088307,0.126120457595625
"58",0.881110949701092,0.018802539497927,0.0779451726019332,0.760241459788561,0.541020553369278,0.175988356042846,0.964383861273123,-0.33291640592397,0.794400043159256,-0.584316844269138,1.00375551088307,-0.841778199471776
"396",-0.939808996623798,-0.275366223614805,-0.309841755765894,0.0309930571136823,-1.37204435541038,-0.143990473125965,-1.03433916727221,-0.33291640592397,0.794400043159256,-0.584316844269138,1.00375551088307,0.0869695006805394
"154",1.3305172951183,-0.0535482461277375,-0.0707064832724004,0.0309930571136823,-1.37204435541038,1.13592484354928,-1.03433916727221,-0.33291640592397,-1.2556645843485,-0.584316844269138,1.00375551088307,-1.13106027001102
"299",-0.693102249139577,-0.894030426449829,-0.975542649463996,-1.42750374823608,0.830878872881347,1.45590367271809,0.964383861273123,-0.33291640592397,-1.2556645843485,-0.584316844269138,-0.993767893859362,-1.13106027001102
"120",-0.630084918931128,-1.44077708189647,-1.4085713861414,0.0309930571136823,1.4685671758079,0.815946014380469,-1.03433916727221,-0.33291640592397,-1.2556645843485,-0.584316844269138,1.00375551088307,-1.13106027001102
"135",-0.299478015919494,0.476302118065003,0.627309987789688,0.0309930571136823,1.23668052019824,0.495967185211658,0.964383861273123,-0.33291640592397,0.794400043159256,-0.584316844269138,-0.993767893859362,0.685109120216574
"81",-0.50646199785134,-0.557404316083713,-0.432640949749039,0.0309930571136823,-0.908271044191069,-1.42390578980121,0.964383861273123,-0.33291640592397,0.794400043159256,-0.584316844269138,1.00375551088307,-0.778701657775249
"283",0.519662156578435,1.45758672550291,1.46105188378052,-0.698255345561197,-0.32855440516693,1.13592484354928,0.964383861273123,-0.33291640592397,0.794400043159256,-0.584316844269138,1.00375551088307,1.69215873419906
"40",-0.895801847072559,-0.55220545723636,-0.58775572109617,0.760241459788561,-0.502469396874172,0.175988356042846,-1.03433916727221,-0.33291640592397,0.794400043159256,-0.584316844269138,1.00375551088307,-0.382841982300491
"79",1.86552620030087,0.834590140295091,0.730719835354442,0.0309930571136823,-0.618412724679,-0.783948131463587,0.964383861273123,-0.33291640592397,0.794400043159256,-0.584316844269138,1.00375551088307,-0.280614483688878
"194",2.41145886601035,2.31886434121441,2.42405608922729,2.9479866678132,-0.966242708093483,1.7758825018869,0.964383861273123,-0.33291640592397,0.794400043159256,-0.584316844269138,1.00375551088307,1.97056553892856
"136",-0.0211632964171673,-0.535309165982462,-0.632997529405749,0.0309930571136823,1.4685671758079,0.815946014380469,0.964383861273123,-0.33291640592397,-1.2556645843485,-0.584316844269138,-0.993767893859362,-1.11365984471543
"276",3.35118600536371,1.73139329146351,1.81652323478436,0.0309930571136823,-0.32855440516693,0.175988356042846,-1.03433916727221,-0.33291640592397,0.794400043159256,-0.584316844269138,1.00375551088307,0.0195428526601137
"338",-0.930786254162616,-1.68122430358655,-1.52490746465175,0.0309930571136823,-1.37204435541038,-0.463969302294776,-1.03433916727221,-0.33291640592397,0.794400043159256,-0.584316844269138,-0.993767893859362,-1.13106027001102
"55",-0.847964287985912,-1.4022188787786,-1.40210827066861,-0.698255345561197,-0.502469396874172,-1.42390578980121,0.964383861273123,-0.33291640592397,0.794400043159256,1.70712176070787,-0.993767893859362,-1.13106027001102
"8",0.743074339406585,1.03041382354539,1.01509691615751,-0.698255345561197,1.81639715922238,-1.42390578980121,-1.03433916727221,-0.33291640592397,-1.2556645843485,1.70712176070787,-0.993767893859362,0.765586087208695
"330",1.38956234877151,1.23056988916849,1.11204364824947,-0.698255345561197,-0.676384388581414,0.815946014380469,0.964383861273123,-0.33291640592397,0.794400043159256,-0.584316844269138,1.00375551088307,0.709034704998015
"327",2.27728103865522,2.38038417090809,2.36588804997211,0.0309930571136823,1.52653883971031,0.815946014380469,-1.03433916727221,-0.33291640592397,0.794400043159256,-0.584316844269138,1.00375551088307,1.82918708340186
"343",-0.868903860112807,-0.771424005299751,-0.613608182987358,1.48948986246344,-1.08218603589831,-1.42390578980121,-1.03433916727221,-0.33291640592397,0.794400043159256,-0.584316844269138,-0.993767893859362,-0.687349424973382
"373",-0.721731013741253,-0.413135983069663,-0.400325372385053,-0.698255345561197,-0.560441060776586,0.815946014380469,0.964383861273123,2.99624765331573,-1.2556645843485,-0.584316844269138,1.00375551088307,0.69598438602632
"162",-0.393422356450864,-1.31297180189904,-1.25991973026707,0.0309930571136823,1.4685671758079,0.175988356042846,-1.03433916727221,-0.33291640592397,0.794400043159256,-0.584316844269138,1.00375551088307,-1.13106027001102
"320",-0.500191475574858,-0.93128891485586,-0.813964762644069,1.48948986246344,-0.096667749557275,0.815946014380469,-1.03433916727221,-0.33291640592397,0.794400043159256,-0.584316844269138,-0.993767893859362,-1.13106027001102
"221",-0.0105516433338896,0.445975441455444,0.530363255697731,0.0309930571136823,-0.154639413459689,-0.143990473125965,0.964383861273123,2.99624765331573,-1.2556645843485,1.70712176070787,-0.993767893859362,1.5790559697777
"200",-0.987845169538208,-0.249805167615319,-0.290452409347502,0.0309930571136823,-0.734356052483828,-2.06386344813883,-1.03433916727221,-0.33291640592397,0.794400043159256,1.70712176070787,-0.993767893859362,0.110895085461981
"116",-0.135536487804045,0.040031213124619,0.0908714035475274,1.48948986246344,1.4685671758079,-1.74388461897002,0.964383861273123,-0.33291640592397,-1.2556645843485,-0.584316844269138,-0.993767893859362,-0.0217831574169214
"287",-0.77127097706586,-1.37925725220279,-1.37625580877742,-0.698255345561197,-0.444497732971758,0.495967185211658,0.964383861273123,-0.33291640592397,-1.2556645843485,-0.584316844269138,1.00375551088307,-1.13106027001102
"307",-0.00280570405117631,-0.421800747815252,-0.439104065221836,0.0309930571136823,1.41059551190549,-1.74388461897002,-1.03433916727221,-0.33291640592397,0.794400043159256,-0.584316844269138,1.00375551088307,-0.978806548674577
"374",0.289213369566721,0.267914525933598,0.181355020166687,-0.698255345561197,-1.08218603589831,0.815946014380469,0.964383861273123,2.99624765331573,0.794400043159256,-0.584316844269138,1.00375551088307,1.05051805142404
"250",-0.642512469868229,-1.37969049044007,-1.42796073255979,0.0309930571136823,-0.734356052483828,-0.143990473125965,0.964383861273123,2.99624765331573,0.794400043159256,-0.584316844269138,1.00375551088307,-0.917905060139999
"311",-0.327000217766498,0.067325222073223,0.0908714035475274,-1.42750374823608,-0.212611077362103,0.815946014380469,-1.03433916727221,2.99624765331573,-1.2556645843485,-0.584316844269138,-0.993767893859362,1.12229480576837
"137",0.267961689996199,-0.268434411818334,-0.264599947456314,-0.698255345561197,0.830878872881347,-1.74388461897002,0.964383861273123,-0.33291640592397,-1.2556645843485,-0.584316844269138,-0.993767893859362,-0.96793128286483
"270",-0.174890399104863,0.359327793999558,0.355859137932209,0.760241459788561,-0.444497732971758,1.45590367271809,0.964383861273123,-0.33291640592397,0.794400043159256,-0.584316844269138,1.00375551088307,0.548080771013773
"225",2.1702849322995,1.33541354259011,1.48044123019891,0.760241459788561,-0.32855440516693,-2.38384227730764,-1.03433916727221,-0.33291640592397,0.794400043159256,-0.584316844269138,1.00375551088307,0.393651996515379
"26",-0.883232429115628,-0.178754096701492,-0.187042561782748,1.48948986246344,-1.77784600272728,0.815946014380469,0.964383861273123,-0.33291640592397,0.794400043159256,-0.584316844269138,-0.993767893859362,0.328400401656902
"241",-0.440181726186804,-0.599861663337097,-0.600681952041764,1.48948986246344,0.888850536783761,0.175988356042846,0.964383861273123,-0.33291640592397,0.794400043159256,1.70712176070787,-0.993767893859362,-0.809152402042538
"306",-0.589000229988385,-1.21809262793484,-1.22760415290308,-0.698255345561197,-0.32855440516693,0.175988356042846,0.964383861273123,-0.33291640592397,0.794400043159256,1.70712176070787,-0.993767893859362,-1.13106027001102
"389",-0.208285895572825,0.906074449446197,0.821203451973601,-0.698255345561197,1.41059551190549,-0.143990473125965,0.964383861273123,-0.33291640592397,-1.2556645843485,-0.584316844269138,1.00375551088307,1.32457474982964
"298",0.279055690946899,-0.153626278939285,-0.219358139146734,0.0309930571136823,1.062765528491,1.13592484354928,-1.03433916727221,-0.33291640592397,0.794400043159256,1.70712176070787,-0.993767893859362,-0.722150275564569
"390",1.09887682514001,1.02434848822348,0.956928876902341,-0.698255345561197,-0.676384388581414,1.45590367271809,-1.03433916727221,-0.33291640592397,-1.2556645843485,-0.584316844269138,1.00375551088307,0.622032578520047
"232",-0.570160289754972,0.0175028247860888,0.149039442802701,0.760241459788561,-1.54595934711762,-0.463969302294776,-1.03433916727221,-0.33291640592397,0.794400043159256,-0.584316844269138,1.00375551088307,0.297949657389613
"363",-0.540708696438282,0.158305251901903,0.17489190469389,0.0309930571136823,0.367105561662036,1.7758825018869,0.964383861273123,-0.33291640592397,-1.2556645843485,-0.584316844269138,-0.993767893859362,0.413227474972922
"82",0.234395953104442,-0.204748390938258,-0.245210601037922,-1.42750374823608,1.58451050361273,0.495967185211658,-1.03433916727221,-0.33291640592397,-1.2556645843485,-0.584316844269138,1.00375551088307,-0.915730006978049
"148",-0.606109392579873,-1.40135240230404,-1.32455088499504,0.0309930571136823,0.0192755782475528,0.815946014380469,-1.03433916727221,-0.33291640592397,0.794400043159256,-0.584316844269138,1.00375551088307,-1.13106027001102
"67",1.94670250904755,2.15250085809911,2.19138393220659,0.760241459788561,-1.0242143719959,-0.143990473125965,0.964383861273123,-0.33291640592397,0.794400043159256,1.70712176070787,-0.993767893859362,1.88791351877449
"214",-0.164477359849347,0.220691558070141,0.181355020166687,-0.698255345561197,-0.676384388581414,1.7758825018869,-1.03433916727221,-0.33291640592397,-1.2556645843485,-0.584316844269138,-0.993767893859362,0.254448594150629
"261",0.644590254240658,0.194264025596096,0.181355020166687,0.760241459788561,0.42507722556445,-0.463969302294776,-1.03433916727221,-0.33291640592397,0.794400043159256,1.70712176070787,-0.993767893859362,-0.380666929138542
"286",-0.74485533797353,-1.34719762264411,-1.28577219215826,-0.698255345561197,-0.850299380288655,-0.783948131463587,0.964383861273123,-0.33291640592397,0.794400043159256,1.70712176070787,-0.993767893859362,-1.13106027001102
"208",-0.975389245197141,-0.149293896566491,0.0197771333467592,1.48948986246344,-1.08218603589831,-1.1039269606324,0.964383861273123,2.99624765331573,0.794400043159256,-0.584316844269138,1.00375551088307,1.51380437491923
"264",-0.439614258107484,-0.519712589440403,-0.548977028259387,-0.698255345561197,-0.212611077362103,0.495967185211658,0.964383861273123,-0.33291640592397,-1.2556645843485,-0.584316844269138,-0.993767893859362,-0.841778199471776
"231",-0.34061945167017,0.173901828443962,0.207207482057876,0.0309930571136823,0.193190569954794,-1.42390578980121,-1.03433916727221,-0.33291640592397,-1.2556645843485,-0.584316844269138,-0.993767893859362,0.30664987003741
"180",0.3633814475338,1.19721054489797,1.32532645885178,1.48948986246344,0.656963881174105,-0.783948131463587,0.964383861273123,-0.33291640592397,-1.2556645843485,-0.584316844269138,1.00375551088307,1.55948049132016
"372",-0.173159621462938,-1.12018078630969,-1.17589922912071,0.760241459788561,1.12073719239342,0.495967185211658,-1.03433916727221,-0.33291640592397,-1.2556645843485,-0.584316844269138,1.00375551088307,-1.13106027001102
"89",-0.841523525285633,-0.185685908497963,-0.0190015594900235,0.760241459788561,0.0772472421499667,-1.74388461897002,-1.03433916727221,-0.33291640592397,0.794400043159256,-0.584316844269138,-0.993767893859362,0.128295510757575
"128",0.34000176266583,-0.573867369100331,-0.620071298460155,0.0309930571136823,0.946822200686175,-0.783948131463587,0.964383861273123,-0.33291640592397,-1.2556645843485,-0.584316844269138,1.00375551088307,-1.13106027001102
"268",-0.442082744252525,0.475435641590445,0.504510793806543,0.0309930571136823,-1.54595934711762,0.495967185211658,0.964383861273123,-0.33291640592397,0.794400043159256,1.70712176070787,-0.993767893859362,0.91783980854514
"31",-0.314288932789737,0.40308485596478,0.3752484843506,0.760241459788561,-0.502469396874172,-2.70382110647645,0.964383861273123,-0.33291640592397,0.794400043159256,-0.584316844269138,1.00375551088307,0.746010608751152
"96",-0.883402669539424,-1.68122430358655,-1.51844434917895,1.48948986246344,-0.560441060776586,1.13592484354928,0.964383861273123,-0.33291640592397,0.794400043159256,-0.584316844269138,-0.993767893859362,-1.13106027001102
"279",2.34991695280813,0.973226376224508,1.0538756089943,-0.698255345561197,1.29465218410066,-0.783948131463587,0.964383861273123,-0.33291640592397,0.794400043159256,-0.584316844269138,1.00375551088307,-0.587296979523718
"86",3.03819898621495,3.17580957455312,3.0574414055614,0.760241459788561,-0.850299380288655,-0.463969302294776,0.964383861273123,-0.33291640592397,0.794400043159256,1.70712176070787,-0.993767893859362,2.73835930509663
"386",-0.533955826294378,0.391820661795515,0.278301752258644,0.0309930571136823,0.135218906052381,0.495967185211658,0.964383861273123,-0.33291640592397,-1.2556645843485,1.70712176070787,-0.993767893859362,0.837362841553019
"323",-0.510434274406578,-0.542240977778933,-0.471419642585822,2.21873826513832,-0.270582741264517,-0.783948131463587,-1.03433916727221,-0.33291640592397,-1.2556645843485,-0.584316844269138,1.00375551088307,-0.554671182094479
"19",0.123455943597448,0.71414991033141,0.601457525898499,-1.42750374823608,-1.60393101102004,-1.42390578980121,0.964383861273123,-0.33291640592397,0.794400043159256,1.70712176070787,-0.993767893859362,0.80691209728573
"184",1.01128812709702,-0.279698605987599,-0.128874522527574,0.0309930571136823,-1.54595934711762,0.495967185211658,0.964383861273123,-0.33291640592397,0.794400043159256,1.70712176070787,-0.993767893859362,-1.13106027001102
"182",0.025056978643419,0.192531072646978,0.17489190469389,0.0309930571136823,1.4685671758079,-0.463969302294776,-1.03433916727221,-0.33291640592397,0.794400043159256,-0.584316844269138,-0.993767893859362,-0.00873283844522607
"223",-0.334292182585756,0.637466742332951,0.620846872316891,0.760241459788561,-0.676384388581414,-1.42390578980121,-1.03433916727221,2.99624765331573,-1.2556645843485,-0.584316844269138,1.00375551088307,2.23809707784831
"355",-0.940603451934846,-0.373711303477235,-0.40678848785785,-1.42750374823608,-0.676384388581414,1.45590367271809,0.964383861273123,-0.33291640592397,0.794400043159256,1.70712176070787,-0.993767893859362,-0.232763314125995
"191",0.282829353674375,0.26704804945904,0.194281251112281,0.760241459788561,-0.32855440516693,1.13592484354928,0.964383861273123,-0.33291640592397,0.794400043159256,-0.584316844269138,1.00375551088307,0.0391183311176567
"64",-0.882040746149057,-0.752794761096735,-0.671776222242532,0.760241459788561,1.12073719239342,1.13592484354928,-1.03433916727221,-0.33291640592397,-1.2556645843485,-0.584316844269138,1.00375551088307,-0.841778199471776
"174",-0.86061882615474,0.00407243943042647,-0.103022060636386,0.0309930571136823,0.135218906052381,-0.463969302294776,-1.03433916727221,-0.33291640592397,0.794400043159256,-0.584316844269138,-0.993767893859362,0.443678219240211
"292",-0.599555136263731,-0.463824856831356,-0.439104065221836,0.760241459788561,0.0192755782475528,-0.143990473125965,0.964383861273123,-0.33291640592397,0.794400043159256,-0.584316844269138,1.00375551088307,-0.458968842968714
"18",-0.247497939853814,-0.154925993651124,-0.103022060636386,0.0309930571136823,0.772907208978933,0.495967185211658,0.964383861273123,-0.33291640592397,0.794400043159256,1.70712176070787,-0.993767893859362,-0.33064070641371
"378",-0.484472609777704,-1.3727586786436,-1.37625580877742,0.0309930571136823,-0.270582741264517,-1.1039269606324,-1.03433916727221,-0.33291640592397,0.794400043159256,-0.584316844269138,1.00375551088307,-1.13106027001102
"196",-0.605371684076757,0.280911673051981,0.278301752258644,-0.698255345561197,1.00479386458859,0.815946014380469,0.964383861273123,-0.33291640592397,0.794400043159256,-0.584316844269138,-0.993767893859362,0.61333236587225
"36",-0.620494708390626,-0.943419585499684,-0.872132801899243,0.0309930571136823,-0.386526069069344,-0.463969302294776,0.964383861273123,2.99624765331573,-1.2556645843485,-0.584316844269138,1.00375551088307,-0.2197129951543
"138",-0.251498589813017,-0.486353245169887,-0.49727210447701,0.760241459788561,-1.19812936370314,-1.42390578980121,-1.03433916727221,-0.33291640592397,0.794400043159256,1.70712176070787,-0.993767893859362,-0.724325328726518
"88",-0.949881555031723,-1.06775895959888,-1.11773118986553,0.760241459788561,0.193190569954794,-0.463969302294776,0.964383861273123,-0.33291640592397,-1.2556645843485,1.70712176070787,-0.993767893859362,-1.13106027001102
"91",-0.710126291519166,0.446841917930002,0.491584562860949,0.760241459788561,-0.792327716386242,0.815946014380469,-1.03433916727221,-0.33291640592397,0.794400043159256,-0.584316844269138,-0.993767893859362,1.09401911466303
"105",-0.833408731751362,0.0140369188878533,0.065018941656339,0.760241459788561,-0.154639413459689,-0.463969302294776,0.964383861273123,-0.33291640592397,-1.2556645843485,-0.584316844269138,1.00375551088307,0.489354335641144
"251",-0.988980105696847,-0.99887407987145,-1.05956315061036,-0.698255345561197,-0.502469396874172,1.45590367271809,0.964383861273123,-0.33291640592397,0.794400043159256,1.70712176070787,-0.993767893859362,-1.13106027001102
"380",0.229515727622292,-0.812581637841296,-0.910911494736025,-1.42750374823608,1.64248216751514,-1.1039269606324,-1.03433916727221,-0.33291640592397,0.794400043159256,-0.584316844269138,1.00375551088307,-1.13106027001102
"83",-0.611358472313579,-0.131097890600755,-0.0707064832724004,0.0309930571136823,0.42507722556445,-0.783948131463587,-1.03433916727221,-0.33291640592397,-1.2556645843485,-0.584316844269138,1.00375551088307,-0.0370085295505659
"358",-0.159171533307708,-0.951651112007993,-1.07895249702875,-1.42750374823608,-0.908271044191069,0.175988356042846,-1.03433916727221,-0.33291640592397,0.794400043159256,1.70712176070787,-0.993767893859362,-1.13106027001102
"205",0.343832172201238,0.248852043493304,0.239523059421861,-0.698255345561197,-0.618412724679,-2.06386344813883,0.964383861273123,-0.33291640592397,-1.2556645843485,-0.584316844269138,1.00375551088307,-0.139236028162179
"76",-0.346209012251468,-0.673945401911879,-0.846280340008054,-0.698255345561197,-1.60393101102004,0.815946014380469,-1.03433916727221,-0.33291640592397,0.794400043159256,-0.584316844269138,-0.993767893859362,-1.06798372831449
"344",-0.978425199421502,-0.428732559611723,-0.484345873531416,-0.698255345561197,-0.676384388581414,1.13592484354928,0.964383861273123,-0.33291640592397,0.794400043159256,-0.584316844269138,1.00375551088307,-0.239288473611843
"244",0.367325350685072,0.815094419617517,0.679014911572065,-1.42750374823608,0.0192755782475528,-0.463969302294776,0.964383861273123,-0.33291640592397,0.794400043159256,-0.584316844269138,1.00375551088307,0.730785236617507
"28",-0.352564654739849,-0.0873408286355329,-0.141800753473169,-0.698255345561197,-0.676384388581414,0.815946014380469,-1.03433916727221,-0.33291640592397,-1.2556645843485,-0.584316844269138,-0.993767893859362,-0.115310443380738
"173",0.883238954998541,-0.0167229959589861,-0.0707064832724004,0.760241459788561,0.251162233857208,1.45590367271809,-1.03433916727221,-0.33291640592397,-1.2556645843485,1.70712176070787,-0.993767893859362,-0.896154528520506
"280",0.258201239031901,-0.724634275673572,-0.691165568660923,0.0309930571136823,0.193190569954794,-1.74388461897002,0.964383861273123,2.99624765331573,-1.2556645843485,-0.584316844269138,1.00375551088307,-0.545970969446683
"73",-0.632156177420645,0.0811888456661647,0.000387786928367842,-1.42750374823608,-0.502469396874172,1.45590367271809,0.964383861273123,-0.33291640592397,0.794400043159256,1.70712176070787,-0.993767893859362,0.310999976361309
"324",3.90160166889981,3.97600059880823,4.05276118837216,0.760241459788561,2.45408546214894,1.13592484354928,-1.03433916727221,-0.33291640592397,0.794400043159256,-0.584316844269138,1.00375551088307,3.21687100072546
"238",0.435818747858955,0.179100687291316,0.213670597530673,1.48948986246344,-1.0242143719959,0.495967185211658,-1.03433916727221,-0.33291640592397,0.794400043159256,1.70712176070787,-0.993767893859362,-0.167511719267519
"166",-0.562811578127783,-0.0903734962964889,0.0779451726019332,0.760241459788561,-0.560441060776586,-0.783948131463587,-1.03433916727221,-0.33291640592397,0.794400043159256,-0.584316844269138,1.00375551088307,0.108720032300032
"395",0.129811586085828,0.442942773794488,0.355859137932209,0.760241459788561,-0.908271044191069,-1.74388461897002,-1.03433916727221,-0.33291640592397,-1.2556645843485,-0.584316844269138,1.00375551088307,0.465428750859703
"393",-0.546042896383887,-1.05172914481954,-1.02724757324637,-0.698255345561197,-1.83581766662969,-1.1039269606324,-1.03433916727221,-0.33291640592397,-1.2556645843485,1.70712176070787,-0.993767893859362,-1.13106027001102
"271",-0.832841263672043,-0.715103034453425,-0.891522148317634,-1.42750374823608,-0.966242708093483,-0.143990473125965,-1.03433916727221,-0.33291640592397,-1.2556645843485,-0.584316844269138,1.00375551088307,-0.835253039985928
"368",-0.607925290433696,-0.485486768695328,-0.594218836568967,-0.698255345561197,0.830878872881347,0.175988356042846,-1.03433916727221,-0.33291640592397,-1.2556645843485,-0.584316844269138,-0.993767893859362,-0.661248787029991
"331",-0.704054383070446,-0.0834416845000181,-0.167653215364357,-0.698255345561197,0.946822200686175,1.13592484354928,-1.03433916727221,2.99624765331573,-1.2556645843485,1.70712176070787,-0.993767893859362,1.16144576268345
"379",-0.734016697658524,0.0889871339371945,0.0714820571291361,-1.42750374823608,-1.31407269150797,1.7758825018869,-1.03433916727221,-0.33291640592397,0.794400043159256,-0.584316844269138,1.00375551088307,0.428452847106566
"179",-0.479592384295555,-0.149293896566491,-0.25167371651072,-0.698255345561197,-1.54595934711762,-1.1039269606324,0.964383861273123,-0.33291640592397,-1.2556645843485,-0.584316844269138,1.00375551088307,-0.145761187648027
"242",-0.840331842319062,-1.6591291534853,-1.62831731221651,-0.698255345561197,-1.14015769980072,-0.783948131463587,-1.03433916727221,-0.33291640592397,0.794400043159256,-0.584316844269138,-0.993767893859362,-1.13106027001102
"239",-0.530210536970868,-0.790919725977325,-0.768722954334489,2.21873826513832,0.135218906052381,1.7758825018869,0.964383861273123,-0.33291640592397,0.794400043159256,-0.584316844269138,1.00375551088307,-1.01795750558966
"295",-0.0653690597961688,-0.954683779668949,-0.969079533991199,0.760241459788561,-0.792327716386242,-0.143990473125965,-1.03433916727221,-0.33291640592397,0.794400043159256,1.70712176070787,-0.993767893859362,-1.13106027001102
"133",-0.622395726456347,0.306472729051468,0.336469791513818,0.760241459788561,-0.386526069069344,-0.143990473125965,-1.03433916727221,-0.33291640592397,0.794400043159256,-0.584316844269138,-0.993767893859362,0.852588213686664
"243",-0.689498826835897,-1.51746024989493,-1.46673942539658,0.0309930571136823,-0.502469396874172,1.45590367271809,0.964383861273123,2.99624765331573,0.794400043159256,1.70712176070787,-0.993767893859362,-1.09625941941983
"328",0.111993088395191,0.834590140295091,0.989244454266326,0.0309930571136823,0.714935545076519,0.175988356042846,0.964383861273123,-0.33291640592397,-1.2556645843485,1.70712176070787,-0.993767893859362,1.00919204134701
"222",1.51219220071249,1.74352396210733,1.79713388836597,1.48948986246344,1.29465218410066,-0.783948131463587,0.964383861273123,-0.33291640592397,-1.2556645843485,-0.584316844269138,-0.993767893859362,1.54425511918651
"377",1.20320583152293,1.0533754501212,1.03448626257591,-0.698255345561197,-0.560441060776586,-1.1039269606324,0.964383861273123,-0.33291640592397,-1.2556645843485,-0.584316844269138,-0.993767893859362,0.537205505204027
"160",0.229827835065918,-0.751928284622176,-0.775186069807286,0.0309930571136823,-0.154639413459689,-0.143990473125965,-1.03433916727221,-0.33291640592397,-1.2556645843485,1.70712176070787,-0.993767893859362,-1.13106027001102
"155",0.279112437754831,-0.684776357843865,-0.775186069807286,-0.698255345561197,-1.43001601931279,0.815946014380469,-1.03433916727221,-0.33291640592397,0.794400043159256,-0.584316844269138,-0.993767893859362,-1.13106027001102
"122",2.91851996828643,1.48228130502784,1.57738796229086,-0.698255345561197,1.58451050361273,-0.143990473125965,-1.03433916727221,-0.33291640592397,0.794400043159256,-0.584316844269138,1.00375551088307,-0.143586134486077
"193",-0.474144690734086,-0.347717009240469,-0.439104065221836,0.760241459788561,0.0192755782475528,0.175988356042846,-1.03433916727221,-0.33291640592397,0.794400043159256,1.70712176070787,-0.993767893859362,-0.400242407596085
"228",0.617692267280906,0.38055646762625,0.485121447388151,0.0309930571136823,-0.502469396874172,0.175988356042846,0.964383861273123,-0.33291640592397,0.794400043159256,-0.584316844269138,1.00375551088307,-0.0826846459514994
"163",0.52746484266908,1.21064093025363,1.03448626257591,-1.42750374823608,0.0192755782475528,-0.463969302294776,-1.03433916727221,-0.33291640592397,0.794400043159256,-0.584316844269138,1.00375551088307,1.23104746386583
"335",-0.595526112900561,0.00883806004050018,-0.0254646749628206,-0.698255345561197,0.483048889466864,0.495967185211658,0.964383861273123,-0.33291640592397,0.794400043159256,-0.584316844269138,1.00375551088307,0.160921308186813
"101",-0.682831076903891,-0.433064941984517,-0.639460644878546,-1.42750374823608,-0.850299380288655,-0.783948131463587,-1.03433916727221,-0.33291640592397,-1.2556645843485,-0.584316844269138,1.00375551088307,-0.482894427750155
"49",-0.0197729996228341,-1.07599048610719,-0.969079533991199,2.21873826513832,0.946822200686175,0.495967185211658,-1.03433916727221,-0.33291640592397,0.794400043159256,1.70712176070787,-0.993767893859362,-1.13106027001102
"46",0.912520307891435,1.22753722150753,1.35117892074296,0.0309930571136823,-0.32855440516693,-0.463969302294776,0.964383861273123,-0.33291640592397,0.794400043159256,-0.584316844269138,1.00375551088307,1.03746773245235
"51",-0.251299975985255,0.193830787358816,0.136113211857107,0.0309930571136823,-0.386526069069344,0.495967185211658,-1.03433916727221,-0.33291640592397,0.794400043159256,-0.584316844269138,-0.993767893859362,0.291424497903766
"305",1.06363705741426,1.20024321255893,1.17021168750465,-0.698255345561197,0.483048889466864,-0.143990473125965,0.964383861273123,-0.33291640592397,0.794400043159256,1.70712176070787,-0.993767893859362,0.837362841553019
"360",-0.933027753075929,-0.114634837584137,-0.0707064832724004,0.0309930571136823,1.35262384800307,-0.463969302294776,-1.03433916727221,-0.33291640592397,0.794400043159256,-0.584316844269138,-0.993767893859362,0.197897211939949
"153",-0.107815672129279,-1.13317793342807,-1.10480495891994,0.760241459788561,-1.83581766662969,-0.783948131463587,0.964383861273123,2.99624765331573,-1.2556645843485,-0.584316844269138,1.00375551088307,-0.791751976746944
"293",0.179124562178707,0.156139060715506,0.161965673748296,-0.698255345561197,-1.43001601931279,0.495967185211658,-1.03433916727221,-0.33291640592397,0.794400043159256,-0.584316844269138,1.00375551088307,-0.0848596991134487
"16",-0.713020378723697,-0.957716447329905,-1.00139511135518,0.0309930571136823,0.0772472421499667,0.495967185211658,0.964383861273123,-0.33291640592397,0.794400043159256,-0.584316844269138,-0.993767893859362,-1.13106027001102
"334",-0.68686010026706,-0.577766513235846,-0.607145067514561,-0.698255345561197,0.714935545076519,1.13592484354928,-1.03433916727221,-0.33291640592397,0.794400043159256,-0.584316844269138,-0.993767893859362,-0.735200594536264
"187",-0.248178901548997,-0.402738265374957,-0.296915524820299,-0.698255345561197,-0.212611077362103,-0.143990473125965,-1.03433916727221,-0.33291640592397,-1.2556645843485,-0.584316844269138,-0.993767893859362,-0.722150275564569
"376",-0.687909916213802,0.406117523625736,0.3752484843506,1.48948986246344,-0.676384388581414,0.815946014380469,0.964383861273123,-0.33291640592397,0.794400043159256,-0.584316844269138,1.00375551088307,1.04399289193819
"161",-0.935779973260629,0.0560610279039579,0.168428789221093,1.48948986246344,0.656963881174105,-0.783948131463587,0.964383861273123,-0.33291640592397,-1.2556645843485,-0.584316844269138,1.00375551088307,0.687284173378523
"277",-0.627417818958326,-0.545706883677168,-0.632997529405749,-0.698255345561197,-0.32855440516693,0.495967185211658,0.964383861273123,-0.33291640592397,-1.2556645843485,-0.584316844269138,1.00375551088307,-0.676474159163636
"288",0.432130205343377,-0.709470937368792,-0.536050797313793,0.760241459788561,0.772907208978933,-1.74388461897002,-1.03433916727221,-0.33291640592397,0.794400043159256,-0.584316844269138,1.00375551088307,-1.13106027001102
"226",-0.855171132593271,0.406117523625736,0.362322253405006,0.760241459788561,-1.60393101102004,0.495967185211658,0.964383861273123,-0.33291640592397,0.794400043159256,1.70712176070787,-0.993767893859362,1.20712187908439
"322",-0.571465466337407,-0.710337413843351,-0.768722954334489,-0.698255345561197,-1.66190267492245,0.495967185211658,0.964383861273123,-0.33291640592397,0.794400043159256,-0.584316844269138,1.00375551088307,-0.954880963893135
"117",-0.284922459684945,-1.13447764813991,-1.09187872797434,0.0309930571136823,0.367105561662036,0.815946014380469,0.964383861273123,-0.33291640592397,-1.2556645843485,-0.584316844269138,1.00375551088307,-1.13106027001102
"17",0.237744014772428,-0.442596183204664,-0.445567180694633,0.0309930571136823,1.00479386458859,1.13592484354928,0.964383861273123,-0.33291640592397,0.794400043159256,-0.584316844269138,-0.993767893859362,-1.13106027001102
"132",-0.978680560057195,-1.37232544040632,-1.24699349932148,1.48948986246344,-0.560441060776586,1.7758825018869,-1.03433916727221,-0.33291640592397,0.794400043159256,1.70712176070787,-0.993767893859362,-1.13106027001102
"216",-0.118994793291877,-0.219478491005759,-0.11594829158198,0.0309930571136823,1.35262384800307,1.7758825018869,0.964383861273123,-0.33291640592397,0.794400043159256,-0.584316844269138,1.00375551088307,-0.595997192171514
"236",-0.98500782914161,-0.785287628892692,-0.794575416225677,0.0309930571136823,-1.77784600272728,1.45590367271809,0.964383861273123,-0.33291640592397,0.794400043159256,-0.584316844269138,-0.993767893859362,-0.715625116078721
"325",-0.402615339335843,-0.811281923129458,-0.852743455480851,-0.698255345561197,0.598992217271692,1.13592484354928,-1.03433916727221,2.99624765331573,0.794400043159256,1.70712176070787,-0.993767893859362,-0.228413207802097
"102",-0.772973381303819,-0.997574365159612,-1.06602626608316,0.0309930571136823,0.830878872881347,0.815946014380469,0.964383861273123,2.99624765331573,-1.2556645843485,-0.584316844269138,1.00375551088307,-0.193612357210909
"301",-0.664870712193423,-0.0448834813821489,0.000387786928367842,-1.42750374823608,-0.32855440516693,1.13592484354928,-1.03433916727221,-0.33291640592397,0.794400043159256,-0.584316844269138,1.00375551088307,0.130470563919524
"151",0.53092639795293,0.429945626676105,0.517437024752137,0.0309930571136823,-1.60393101102004,0.175988356042846,0.964383861273123,-0.33291640592397,0.794400043159256,-0.584316844269138,-0.993767893859362,0.132645617081473
"345",0.0850951014354392,0.200762599155287,0.297691098677035,2.9479866678132,-0.966242708093483,-1.1039269606324,-1.03433916727221,-0.33291640592397,0.794400043159256,1.70712176070787,-0.993767893859362,0.245748381502832
"131",-0.607925290433696,-0.396239691815765,-0.477882758058619,0.760241459788561,0.0192755782475528,-0.463969302294776,0.964383861273123,2.99624765331573,0.794400043159256,-0.584316844269138,-0.993767893859362,0.756885874560898
"233",-0.836387939167791,0.0227016836334419,0.0327033642923534,-1.42750374823608,-0.966242708093483,0.175988356042846,-1.03433916727221,-0.33291640592397,0.794400043159256,1.70712176070787,-0.993767893859362,0.367551358571988
"78",-0.688988105564509,-0.641885772353201,-0.658849991296938,-1.42750374823608,-1.48798768321521,0.495967185211658,0.964383861273123,-0.33291640592397,-1.2556645843485,1.70712176070787,-0.993767893859362,-0.815677561528385
"13",1.00433664312536,0.247985567018745,0.252449290367455,-1.42750374823608,0.0772472421499667,-2.06386344813883,0.964383861273123,-0.33291640592397,0.794400043159256,1.70712176070787,-0.993767893859362,-0.687349424973382
"387",-0.736740544439258,-0.456026568560327,-0.439104065221836,0.760241459788561,0.0772472421499667,-1.1039269606324,-1.03433916727221,-0.33291640592397,-1.2556645843485,-0.584316844269138,-0.993767893859362,-0.324115546927862
"255",-0.247157459006222,0.715016386805969,0.737182950827239,0.760241459788561,1.35262384800307,-2.38384227730764,0.964383861273123,-0.33291640592397,0.794400043159256,-0.584316844269138,1.00375551088307,1.14839544371176
"111",-0.303081438223174,-0.634520722319451,-0.678239337715329,0.0309930571136823,0.0772472421499667,1.13592484354928,0.964383861273123,-0.33291640592397,0.794400043159256,1.70712176070787,-0.993767893859362,-1.02883277139941
"152",-0.265429931160315,0.0413309278364573,-0.0125384440172264,0.0309930571136823,0.598992217271692,-0.143990473125965,0.964383861273123,-0.33291640592397,0.794400043159256,-0.584316844269138,1.00375551088307,0.0304181184698598
"252",-0.475109386468929,-0.664414160691732,-0.568366374677778,1.48948986246344,0.598992217271692,-0.463969302294776,-1.03433916727221,-0.33291640592397,0.794400043159256,-0.584316844269138,1.00375551088307,-0.843953252633725
"169",-0.503596284050776,-0.829911167332473,-0.87859591737204,-1.42750374823608,-1.37204435541038,-0.783948131463587,0.964383861273123,-0.33291640592397,0.794400043159256,1.70712176070787,-0.993767893859362,-1.13106027001102
"400",-0.752402663428481,0.341565026271101,0.388174715296195,1.48948986246344,0.483048889466864,-2.06386344813883,0.964383861273123,-0.33291640592397,-1.2556645843485,1.70712176070787,-0.993767893859362,0.970041084431921
"72",0.384803367528117,1.15518643588187,1.18313791845024,-0.698255345561197,1.4685671758079,-0.463969302294776,0.964383861273123,-0.33291640592397,0.794400043159256,1.70712176070787,-0.993767893859362,1.26802336761896
"388",-0.814029696842596,-1.46373870847228,-1.47966565634217,0.0309930571136823,0.367105561662036,-1.42390578980121,-1.03433916727221,-0.33291640592397,-1.2556645843485,1.70712176070787,-0.993767893859362,-1.13106027001102
"294",2.70832979170643,2.80062526106914,2.98634713536063,2.9479866678132,-0.560441060776586,-1.42390578980121,-1.03433916727221,-0.33291640592397,0.794400043159256,-0.584316844269138,-0.993767893859362,2.51650388257781
"399",-0.212541906167722,-0.957716447329905,-1.05310003513756,-1.42750374823608,-0.676384388581414,-0.143990473125965,-1.03433916727221,-0.33291640592397,0.794400043159256,-0.584316844269138,1.00375551088307,-1.13106027001102
"106",-0.941653267881588,-0.67307892543732,-0.620071298460155,-0.698255345561197,0.135218906052381,1.45590367271809,0.964383861273123,-0.33291640592397,0.794400043159256,-0.584316844269138,1.00375551088307,-0.674299106001686
